{"llm_grad_norm":0.6141100525856018,"loss":0.09124037623405457,"param_norm":1801.911865234375,"_timestamp":1.7831305782841368e+09,"grad_norm":0.6311149001121521,"camera_views":{"width":448,"height":224,"format":"png","count":1,"filenames":["media/images/camera_views_0_72bfaa8de87b0de5c2f1.png"],"_type":"images/separated"},"_runtime":424.208651741,"_step":0,"_wandb":{"runtime":424}}